{"gpu_memory_usage_mb": 1540.6875, "_timestamp": 1726017473.8774772, "_runtime": 195.41251826286316, "_step": 28427, "loss": 0.4907081480324269, "acc": 0.8440000128746035, "_wandb": {"runtime": 195}}