{"loss": 4.027111647832984e-06, "acc": 1.0, "_timestamp": 1725742679.7694502, "_runtime": 321.576256275177, "_step": 1265, "_wandb": {"runtime": 321}}