{"gpu_memory_usage_mb": 1462.4375, "_timestamp": 1726779657.6308277, "_runtime": 361.7144727706909, "_step": 23792, "loss": 0.8139505189837656, "acc": 0.7879999816417695, "_wandb": {"runtime": 361}}