{"gpu_memory_usage_mb": 1505.875, "_timestamp": 1726018113.8059685, "_runtime": 157.86545753479004, "_step": 27947, "loss": 0.00010420146751326523, "acc": 1.0, "_wandb": {"runtime": 157}}