{"gpu_memory_usage_mb": 1458.125, "_timestamp": 1726851947.054861, "_runtime": 693.7335691452026, "_step": 59636, "loss": 0.3020819434893201, "acc": 0.9019999790191652, "_wandb": {"runtime": 693}}