{"gpu_memory_usage_mb": 1223.25, "_timestamp": 1726853431.7856147, "_runtime": 603.5055916309357, "_step": 58853, "loss": 0.025266155576176865, "acc": 0.9911999958753586, "_wandb": {"runtime": 603}}