{"loss": 4.027111647832984e-06, "acc": 1.0, "_timestamp": 1725743389.827701, "_runtime": 334.8011600971222, "_step": 1265, "_wandb": {"runtime": 334}}