{"gpu_memory_usage_mb": 1529.1875, "_timestamp": 1726859201.5528927, "_runtime": 639.6218566894531, "_step": 49061, "loss": 0.0067946109141242585, "acc": 0.9984000015258788, "_wandb": {"runtime": 639}}