{"gpu_memory_usage_mb": 1910.9375, "_timestamp": 1726842442.1404293, "_runtime": 789.5839471817017, "_step": 70787, "loss": 0.0014924837821490655, "acc": 0.9995000040531159, "_wandb": {"runtime": 789}}