{"gpu_memory_usage_mb": 1554.1875, "_timestamp": 1726013217.065798, "_runtime": 181.6436231136322, "_step": 28427, "loss": 0.4907081480324269, "acc": 0.8440000128746035, "_wandb": {"runtime": 181}}