{"gpu_memory_usage_mb": 1721.875, "_timestamp": 1726837160.2124138, "_runtime": 550.6355657577515, "_step": 65279, "loss": 0.0019793140449281483, "acc": 0.9992500007152556, "_wandb": {"runtime": 550}}