{"gpu_memory_usage_mb": 1492.4375, "_timestamp": 1726613833.3633401, "_runtime": 423.9397232532501, "_step": 23174, "loss": 0.47288299647724824, "acc": 0.8827999842166898, "_wandb": {"runtime": 423}}