{"gpu_memory_usage_mb": 1609.25, "_timestamp": 1726836548.6452982, "_runtime": 710.112868309021, "_step": 66125, "loss": 0.15969252824253435, "acc": 0.9585000079870224, "_wandb": {"runtime": 710}}