{"gpu_memory_usage_mb": 1749.0, "_timestamp": 1726786609.129298, "_runtime": 404.89058685302734, "_step": 29457, "loss": 0.37119044023034803, "acc": 0.878500012755394, "_wandb": {"runtime": 404}}