{"gpu_memory_usage_mb": 1878.5625, "_timestamp": 1726790779.7021854, "_runtime": 386.69317150115967, "_step": 24275, "loss": 0.0015412836608601312, "acc": 0.9995000040531156, "_wandb": {"runtime": 365}}