{"gpu_memory_usage_mb": 2282.9375, "_timestamp": 1726792689.9955127, "_runtime": 938.4200208187103, "_step": 59533, "loss": 0.3218535086140037, "acc": 0.8942500454187393, "_wandb": {"runtime": 938}}