{"gpu_memory_usage_mb": 1965.125, "_timestamp": 1726793628.0351846, "_runtime": 783.5800275802612, "_step": 58751, "loss": 0.00036085551087211326, "acc": 0.999833334684372, "_wandb": {"runtime": 783}}