{"gpu_memory_usage_mb": 1472.25, "_timestamp": 1726536538.3890648, "_runtime": 455.49564385414124, "_step": 33062, "loss": 0.36279445651045533, "acc": 0.8759999787807461, "_wandb": {"runtime": 455}}