{"gpu_memory_usage_mb": 2078.375, "_timestamp": 1726789975.0614846, "_runtime": 437.85622453689575, "_step": 24719, "loss": 0.687871340736747, "acc": 0.8145833736658097, "_wandb": {"runtime": 437}}