{"gpu_memory_usage_mb": 1438.1875, "_timestamp": 1726783664.2673798, "_runtime": 339.8684437274933, "_step": 34475, "loss": 0.0008615233385364716, "acc": 0.999750000238419, "_wandb": {"runtime": 338}}