{"gpu_memory_usage_mb": 1624.0, "_timestamp": 1726615968.6224365, "_runtime": 431.1669626235962, "_step": 22745, "loss": 0.005223574866085984, "acc": 0.998266668319702, "_wandb": {"runtime": 430}}