{"gpu_memory_usage_mb": 1556.125, "_timestamp": 1726013458.523562, "_runtime": 144.40748000144958, "_step": 27947, "loss": 0.00010420146751326523, "acc": 1.0, "_wandb": {"runtime": 144}}