{"loss": 0.5268959371000528, "acc": 0.8475000154972075, "_timestamp": 1726012722.371653, "_runtime": 148.89971709251404, "_step": 471, "_wandb": {"runtime": 148}}