{"gpu_memory_usage_mb": 1596.875, "_timestamp": 1726596493.742212, "_runtime": 494.68760800361633, "_step": 38315, "loss": 0.18235583237374386, "acc": 0.93279998421669, "_wandb": {"runtime": 494}}