{"gpu_memory_usage_mb": 1609.0625, "_timestamp": 1726854756.1387594, "_runtime": 595.8480544090271, "_step": 44701, "loss": 0.185703669964638, "acc": 0.9303999832272528, "_wandb": {"runtime": 595}}