{"gpu_memory_usage_mb": 1468.375, "_timestamp": 1726832142.381029, "_runtime": 608.8352298736572, "_step": 68803, "loss": 0.15088252205784386, "acc": 0.9495999872684483, "_wandb": {"runtime": 608}}