{"gpu_memory_usage_mb": 1745.125, "_timestamp": 1726856858.3424292, "_runtime": 739.302962064743, "_step": 59636, "loss": 0.3187192849480562, "acc": 0.9022666841745376, "_wandb": {"runtime": 739}}