{"gpu_memory_usage_mb": 2313.5, "_timestamp": 1726845087.6407113, "_runtime": 826.5662453174591, "_step": 45319, "loss": 0.13731180058654366, "acc": 0.9556667101383207, "_wandb": {"runtime": 826}}