{"gpu_memory_usage_mb": 1528.4375, "_timestamp": 1726626840.529406, "_runtime": 432.2163231372833, "_step": 26621, "loss": 0.0026477052663564744, "acc": 0.9990666675567629, "_wandb": {"runtime": 432}}