{"gpu_memory_usage_mb": 1351.3125, "_timestamp": 1726608874.9862769, "_runtime": 415.59575390815735, "_step": 37739, "loss": 0.007209187822545574, "acc": 0.9967999982833864, "_wandb": {"runtime": 415}}