{"gpu_memory_usage_mb": 1509.1875, "_timestamp": 1726834868.45505, "_runtime": 462.8100919723511, "_step": 51407, "loss": 0.004242537970623916, "acc": 0.9985000008344651, "_wandb": {"runtime": 462}}