{"gpu_memory_usage_mb": 1356.1875, "_timestamp": 1726855334.1757376, "_runtime": 531.6799075603485, "_step": 44063, "loss": 0.009674143124148474, "acc": 0.997599999308586, "_wandb": {"runtime": 531}}