{"gpu_memory_usage_mb": 1633.6875, "_timestamp": 1726857596.9870853, "_runtime": 632.5047724246979, "_step": 58853, "loss": 0.016934929601055724, "acc": 0.9934666711091994, "_wandb": {"runtime": 634}}