{"gpu_memory_usage_mb": 1851.3125, "_timestamp": 1726858510.594246, "_runtime": 763.2382619380951, "_step": 49748, "loss": 0.1801465640471281, "acc": 0.9385333514213562, "_wandb": {"runtime": 762}}