{"gpu_memory_usage_mb": 1436.25, "_timestamp": 1726527909.5331903, "_runtime": 451.44317626953125, "_step": 32753, "loss": 0.37417436224469985, "acc": 0.877199982404709, "_wandb": {"runtime": 451}}