{"gpu_memory_usage_mb": 1656.25, "_timestamp": 1726620879.3587472, "_runtime": 398.7124502658844, "_step": 26825, "loss": 0.011231100515583422, "acc": 0.9957333368062974, "_wandb": {"runtime": 398}}