{"gpu_memory_usage_mb": 2115.1875, "_timestamp": 1726841104.0647821, "_runtime": 1071.3972210884094, "_step": 71687, "loss": 0.3114533567742565, "acc": 0.9182500374317166, "_wandb": {"runtime": 1071}}