{"gpu_memory_usage_mb": 1742.125, "_timestamp": 1726620241.842368, "_runtime": 457.3231289386749, "_step": 27294, "loss": 0.4029567689786201, "acc": 0.8653333491086964, "_wandb": {"runtime": 457}}