{"gpu_memory_usage_mb": 1390.1875, "_timestamp": 1726832707.445362, "_runtime": 517.6525690555573, "_step": 67931, "loss": 0.013950484321354532, "acc": 0.9959999978542328, "_wandb": {"runtime": 517}}