{"loss": 1.4204340968877456e-05, "acc": 1.0, "_timestamp": 1725745439.381783, "_runtime": 66.87778902053833, "_step": 251, "_wandb": {"runtime": 66}}