{"gpu_memory_usage_mb": 1374.625, "_timestamp": 1726537475.0677674, "_runtime": 402.83218932151794, "_step": 32537, "loss": 0.02092240960689423, "acc": 0.9899999958276751, "_wandb": {"runtime": 402}}