{"gpu_memory_usage_mb": 1355.0625, "_timestamp": 1726529561.7103608, "_runtime": 390.5174026489258, "_step": 32231, "loss": 0.028859294563871745, "acc": 0.9899999952316285, "_wandb": {"runtime": 390}}