{"gpu_memory_usage_mb": 1821.375, "_timestamp": 1726846787.679642, "_runtime": 664.9878869056702, "_step": 44675, "loss": 0.0018258817498627877, "acc": 0.9998333346843722, "_wandb": {"runtime": 665}}