{"loss": 4.027111647832984e-06, "acc": 1.0, "_timestamp": 1725745980.3698592, "_runtime": 315.9942452907562, "_step": 1265, "_wandb": {"runtime": 315}}