{"gpu_memory_usage_mb": 1583.6875, "_timestamp": 1726834187.4358735, "_runtime": 578.190244436264, "_step": 52117, "loss": 0.24213150567648822, "acc": 0.9315000092983248, "_wandb": {"runtime": 577}}