{"gpu_memory_usage_mb": 1551.75, "_timestamp": 1726782863.862296, "_runtime": 383.23471117019653, "_step": 35019, "loss": 0.6928180121071636, "acc": 0.8012500137090683, "_wandb": {"runtime": 383}}