{"gpu_memory_usage_mb": 1851.625, "_timestamp": 1726625804.016547, "_runtime": 503.9971618652344, "_step": 27088, "loss": 0.19105392930756196, "acc": 0.9432000201940538, "_wandb": {"runtime": 503}}